Workbook

Sheet White (Front 9)
A1: Player | B1: Handicap | C1: Hole 1 | D1: Hole 2 | E1: Hole 3 | F1: Hole 4 | G1: Hole 5 | H1: Hole 6 | I1: Hole 7 | J1: Hole 8 | K1: Hole 9 | L1: Total Strokes | M1: Total Putts
A2: Divo | B2: 11 | C2: 5/2 | D2: 5/2 | E2: 4/2 | F2: 3/1 | G2: 4/1 | H2: 4/2 | I2: 4/2 | J2: 4/1 | K2: 5/2 | L2: =SUMPRODUCT(--LEFT(C2:K2,FIND("/",C2:K2)-1)) -> 38 | M2: =SUMPRODUCT(--MID(C2:K2,FIND("/",C2:K2)+1,2)) -> 15
A3: JCE | B3: 25 | C3: 6/2 | D3: 7/3 | E3: 6/2 | F3: 6/3 | G3: 5/2 | H3: 6/3 | I3: 8/2 | J3: 7/2 | K3: 5/1 | L3: =SUMPRODUCT(--LEFT(C3:K3,FIND("/",C3:K3)-1)) -> 56 | M3: =SUMPRODUCT(--MID(C3:K3,FIND("/",C3:K3)+1,2)) -> 20
A4: JCD | B4: 6 | C4: 5/1 | D4: 4/1 | E4: 3/2 | F4: 5/1 | G4: 4/1 | H4: 4/2 | I4: 3/1 | J4: 3/1 | K4: 6/1 | L4: =SUMPRODUCT(--LEFT(C4:K4,FIND("/",C4:K4)-1)) -> 37 | M4: =SUMPRODUCT(--MID(C4:K4,FIND("/",C4:K4)+1,2)) -> 11
A5: Jorge | B5: 21 | C5: 7/2 | D5: 5/2 | E5: 4/2 | F5: 5/3 | G5: 6/3 | H5: 3/2 | I5: 5/1 | J5: 6/2 | K5: 6/1 | L5: =SUMPRODUCT(--LEFT(C5:K5,FIND("/",C5:K5)-1)) -> 47 | M5: =SUMPRODUCT(--MID(C5:K5,FIND("/",C5:K5)+1,2)) -> 18
I17: 5 | J17: 2

Sheet Blue (Back 9)
A1: Player | B1: Handicap | C1: Hole 1 | D1: Hole 2 | E1: Hole 3 | F1: Hole 4 | G1: Hole 5 | H1: Hole 6 | I1: Hole 7 | J1: Hole 8 | K1: Hole 9 | L1: Total Strokes | M1: Total Putts
A2: Divo | B2: 11 | C2: 4/2 | D2: 6/2 | E2: 3/1 | F2: 7/2 | G2: 4/2 | H2: 5/2 | I2: 7/2 | J2: 5/3 | K2: 4/1 | L2: =SUMPRODUCT(--LEFT(C2:K2,FIND("/",C2:K2)-1)) -> 45 | M2: =SUMPRODUCT(--MID(C2:K2,FIND("/",C2:K2)+1,2)) -> 17
A3: JCE | B3: 25 | C3: 4/2 | D3: 5/2 | E3: 3/2 | F3: 7/3 | G3: 6/2 | H3: 6/1 | I3: 6/2 | J3: 4/3 | K3: 6/2 | L3: =SUMPRODUCT(--LEFT(C3:K3,FIND("/",C3:K3)-1)) -> 47 | M3: =SUMPRODUCT(--MID(C3:K3,FIND("/",C3:K3)+1,2)) -> 19
A4: JCD | B4: 6 | C4: 3/1 | D4: 5/2 | E4: 4/1 | F4: 5/2 | G4: 4/2 | H4: 6/1 | I4: 6/2 | J4: 4/3 | K4: 5/2 | L4: =SUMPRODUCT(--LEFT(C4:K4,FIND("/",C4:K4)-1)) -> 42 | M4: =SUMPRODUCT(--MID(C4:K4,FIND("/",C4:K4)+1,2)) -> 16
A5: Jorge | B5: 21 | C5: 5/2 | D5: 7/3 | E5: 5/3 | F5: 5/1 | G5: 5/2 | H5: 5/1 | I5: 5/1 | J5: 5/4 | K5: 5/2 | L5: =SUMPRODUCT(--LEFT(C5:K5,FIND("/",C5:K5)-1)) -> 47 | M5: =SUMPRODUCT(--MID(C5:K5,FIND("/",C5:K5)+1,2)) -> 19
D26: 42

Sheet Sheet1
A1: 5/2 | B1: =LEFT(A1,1) -> 5 | C1: =RIGHT(A1,1) -> 2 | D1: {=_xlfn.TOCOL(B1:C72)} -> 5 | F1: 5
A2: 6/2 | B2: =LEFT(A2,1) -> 6 | C2: =RIGHT(A2,1) -> 2 | D2: 2 | F2: 2
A3: 5/1 | B3: =LEFT(A3,1) -> 5 | C3: =RIGHT(A3,1) -> 1 | D3: 6 | F3: 6
A4: 7/2 | B4: =LEFT(A4,1) -> 7 | C4: =RIGHT(A4,1) -> 2 | D4: 2 | F4: 2
A5: 5/2 | B5: =LEFT(A5,1) -> 5 | C5: =RIGHT(A5,1) -> 2 | D5: 5 | F5: 5
A6: 7/3 | B6: =LEFT(A6,1) -> 7 | C6: =RIGHT(A6,1) -> 3 | D6: 1 | F6: 1
A7: 4/1 | B7: =LEFT(A7,1) -> 4 | C7: =RIGHT(A7,1) -> 1 | D7: 7 | F7: 7
A8: 5/2 | B8: =LEFT(A8,1) -> 5 | C8: =RIGHT(A8,1) -> 2 | D8: 2 | F8: 2
A9: 4/2 | B9: =LEFT(A9,1) -> 4 | C9: =RIGHT(A9,1) -> 2 | D9: 5 | F9: 5
A10: 6/2 | B10: =LEFT(A10,1) -> 6 | C10: =RIGHT(A10,1) -> 2 | D10: 2 | F10: 2
A11: 3/2 | B11: =LEFT(A11,1) -> 3 | C11: =RIGHT(A11,1) -> 2 | D11: 7 | F11: 7
A12: 4/2 | B12: =LEFT(A12,1) -> 4 | C12: =RIGHT(A12,1) -> 2 | D12: 3 | F12: 3
A13: 3/1 | B13: =LEFT(A13,1) -> 3 | C13: =RIGHT(A13,1) -> 1 | D13: 4 | F13: 4
... A72: 5/2 | B72: =LEFT(A72,1) -> 5 | C72: =RIGHT(A72,1) -> 2 | D72: 1 | F72: 1
D73: 4 | F73: 4
D74: 2 | F74: 2
D75: 4 | F75: 4
D76: 2 | F76: 2
D77: 3 | F77: 3
D78: 1 | F78: 1
D79: 5 | F79: 5
D80: 2 | F80: 2
D81: 6 | F81: 6
D82: 2 | F82: 2
D83: 5 | F83: 5
D84: 2 | F84: 2
... D144: 2 | F144: 2

Sheet 18 Hole Summary
A1: Player | B1: Front Strokes | C1: Front Putts | D1: Back Strokes | E1: Back Putts | F1: Total Strokes | G1: Total Putts
A2: Divo | B2: ='White (Front 9)'!L2 -> 38 | C2: ='White (Front 9)'!M2 -> 15 | D2: ='Blue (Back 9)'!L2 -> 45 | E2: ='Blue (Back 9)'!M2 -> 17 | F2: =B2+D2 -> 83 | G2: =C2+E2 -> 32
A3: ICE 25 | B3: ='White (Front 9)'!L3 -> 56 | C3: ='White (Front 9)'!M3 -> 20 | D3: ='Blue (Back 9)'!L3 -> 47 | E3: ='Blue (Back 9)'!M3 -> 19 | F3: =B3+D3 -> 103 | G3: =C3+E3 -> 39
A4: JCD6 | B4: ='White (Front 9)'!L4 -> 37 | C4: ='White (Front 9)'!M4 -> 11 | D4: ='Blue (Back 9)'!L4 -> 42 | E4: ='Blue (Back 9)'!M4 -> 16 | F4: =B4+D4 -> 79 | G4: =C4+E4 -> 27
A5: Jorge 21 | B5: ='White (Front 9)'!L5 -> 47 | C5: ='White (Front 9)'!M5 -> 18 | D5: ='Blue (Back 9)'!L5 -> 47 | E5: ='Blue (Back 9)'!M5 -> 19 | F5: =B5+D5 -> 94 | G5: =C5+E5 -> 37
A8: St Royal Cloud
